insert into person (id, first_name, last_name, email) values (1, 'Ali', 'Matys', 'amatys0@wp.com');
insert into person (id, first_name, last_name, email) values (2, 'Giacopo', 'Alekseev', 'galekseev1@goo.gl');
insert into person (id, first_name, last_name, email) values (3, 'Olivero', 'Dwine', 'odwine2@bizjournals.com');
insert into person (id, first_name, last_name, email) values (4, 'Cart', 'Axston', 'caxston3@istockphoto.com');
insert into person (id, first_name, last_name, email) values (5, 'Geordie', 'Grimstead', 'ggrimstead4@scientificamerican.com');
insert into person (id, first_name, last_name, email) values (6, 'Alvinia', 'Adran', 'aadran5@cnn.com');
insert into person (id, first_name, last_name, email) values (7, 'Willi', 'Rebichon', 'wrebichon6@comsenz.com');
insert into person (id, first_name, last_name, email) values (8, 'Hakim', 'Roch', 'hroch7@tamu.edu');
insert into person (id, first_name, last_name, email) values (9, 'Hermina', 'Guillou', 'hguillou8@sphinn.com');
insert into person (id, first_name, last_name, email) values (10, 'Georgie', 'Dewen', 'gdewen9@spotify.com');
insert into person (id, first_name, last_name, email) values (11, 'Leandra', 'Harbertson', 'lharbertsona@businessinsider.com');
insert into person (id, first_name, last_name, email) values (12, 'Livvyy', 'Beddis', 'lbeddisb@jigsy.com');
insert into person (id, first_name, last_name, email) values (13, 'Avis', 'Ewens', 'aewensc@nih.gov');
insert into person (id, first_name, last_name, email) values (14, 'Annadiana', 'Feacham', 'afeachamd@thetimes.co.uk');
insert into person (id, first_name, last_name, email) values (15, 'Berta', 'Jemmison', 'bjemmisone@cnbc.com');
insert into person (id, first_name, last_name, email) values (16, 'Dolley', 'Greggor', 'dgreggorf@tripadvisor.com');
insert into person (id, first_name, last_name, email) values (17, 'Boniface', 'Geoghegan', 'bgeoghegang@devhub.com');
insert into person (id, first_name, last_name, email) values (18, 'Fenelia', 'Bartolomeo', 'fbartolomeoh@illinois.edu');
insert into person (id, first_name, last_name, email) values (19, 'Nona', 'Gaskin', 'ngaskini@creativecommons.org');
insert into person (id, first_name, last_name, email) values (20, 'Rosette', 'Kenaway', 'rkenawayj@fc2.com');
insert into person (id, first_name, last_name, email) values (21, 'Adriano', 'Warsop', 'awarsopk@unesco.org');
insert into person (id, first_name, last_name, email) values (22, 'Tamar', 'Wimbury', 'twimburyl@prlog.org');
insert into person (id, first_name, last_name, email) values (23, 'Griffie', 'Goodoune', 'ggoodounem@hc360.com');
insert into person (id, first_name, last_name, email) values (24, 'Blanch', 'Sweet', 'bsweetn@github.com');
insert into person (id, first_name, last_name, email) values (25, 'Alec', 'Muggeridge', 'amuggeridgeo@fastcompany.com');
insert into person (id, first_name, last_name, email) values (26, 'Atlante', 'Rewan', 'arewanp@barnesandnoble.com');
insert into person (id, first_name, last_name, email) values (27, 'Fee', 'Ibbotson', 'fibbotsonq@spotify.com');
insert into person (id, first_name, last_name, email) values (28, 'Kliment', 'Wormstone', 'kwormstoner@infoseek.co.jp');
insert into person (id, first_name, last_name, email) values (29, 'Isabella', 'Poat', 'ipoats@wp.com');
insert into person (id, first_name, last_name, email) values (30, 'Neda', 'Verrell', 'nverrellt@patch.com');
insert into person (id, first_name, last_name, email) values (31, 'Rosabelle', 'Garfit', 'rgarfitu@yelp.com');
insert into person (id, first_name, last_name, email) values (32, 'Garrik', 'Font', 'gfontv@uiuc.edu');
insert into person (id, first_name, last_name, email) values (33, 'Alon', 'Tibbles', 'atibblesw@t-online.de');
insert into person (id, first_name, last_name, email) values (34, 'Korrie', 'Iacobini', 'kiacobinix@nature.com');
insert into person (id, first_name, last_name, email) values (35, 'Venita', 'Bodechon', 'vbodechony@comcast.net');
insert into person (id, first_name, last_name, email) values (36, 'Collette', 'Eouzan', 'ceouzanz@about.me');
insert into person (id, first_name, last_name, email) values (37, 'Ambur', 'Gokes', 'agokes10@odnoklassniki.ru');
insert into person (id, first_name, last_name, email) values (38, 'Devinne', 'Pedgrift', 'dpedgrift11@yandex.ru');
insert into person (id, first_name, last_name, email) values (39, 'Jeromy', 'Cato', 'jcato12@aboutads.info');
insert into person (id, first_name, last_name, email) values (40, 'Fabian', 'Giacovelli', 'fgiacovelli13@skype.com');
insert into person (id, first_name, last_name, email) values (41, 'Audrey', 'Jadczak', 'ajadczak14@bandcamp.com');
insert into person (id, first_name, last_name, email) values (42, 'Kristien', 'Catford', 'kcatford15@cyberchimps.com');
insert into person (id, first_name, last_name, email) values (43, 'Garwin', 'Pagelsen', 'gpagelsen16@alexa.com');
insert into person (id, first_name, last_name, email) values (44, 'Galina', 'Hodge', 'ghodge17@state.tx.us');
insert into person (id, first_name, last_name, email) values (45, 'Lombard', 'Rahl', 'lrahl18@google.it');
insert into person (id, first_name, last_name, email) values (46, 'Sergeant', 'Breckenridge', 'sbreckenridge19@va.gov');
insert into person (id, first_name, last_name, email) values (47, 'Tedda', 'Lampkin', 'tlampkin1a@nifty.com');
insert into person (id, first_name, last_name, email) values (48, 'Michaela', 'Mingardo', 'mmingardo1b@google.it');
insert into person (id, first_name, last_name, email) values (49, 'Brittne', 'Sumsion', 'bsumsion1c@wufoo.com');
insert into person (id, first_name, last_name, email) values (50, 'Brena', 'Portchmouth', 'bportchmouth1d@github.io');

insert into event (id, host_id, title, description, date_of_event, location) values (1, 18, 'That Championship Season', 'Enhanced discrete moderator', '2020-09-04', '9982 Coleman Terrace');
insert into event (id, host_id, title, description, date_of_event, location) values (2, 32, 'Next Three Days, The', 'Reactive high-level infrastructure', '2020-08-30', '446 Forest Run Trail');
insert into event (id, host_id, title, description, date_of_event, location) values (3, 36, 'In the Folds of the Flesh', 'Cloned well-modulated functionalities', '2020-07-18', '74 Kenwood Trail');
insert into event (id, host_id, title, description, date_of_event, location) values (4, 16, 'Something Wild', 'Streamlined scalable moderator', '2020-12-23', '5 Manufacturers Way');
insert into event (id, host_id, title, description, date_of_event, location) values (5, 20, 'Boys Don''t Cry', 'Digitized tangible implementation', '2021-02-02', '25384 Swallow Plaza');
insert into event (id, host_id, title, description, date_of_event, location) values (6, 42, 'Wu Tang Master (Tian shi zhuang xie)', 'Extended tertiary open system', '2020-05-11', '056 Carey Terrace');
insert into event (id, host_id, title, description, date_of_event, location) values (7, 4, 'Black Dog', 'Persevering clear-thinking database', '2020-07-08', '87861 Pennsylvania Crossing');
insert into event (id, host_id, title, description, date_of_event, location) values (8, 46, '8: The Mormon Proposition', 'Centralized object-oriented Graphical User Interface', '2020-07-08', '8409 Iowa Crossing');
insert into event (id, host_id, title, description, date_of_event, location) values (9, 10, 'Hansel & Gretel', 'Quality-focused tangible focus group', '2020-06-07', '7828 Lillian Plaza');
insert into event (id, host_id, title, description, date_of_event, location) values (10, 13, 'The Castle of Fu Manchu', 'Multi-tiered scalable strategy', '2021-01-20', '6956 Nelson Pass');

insert into invitation (id, event_id, guest_id, attendance) values (1, 6, 40, 'NO_RESPONSE');
insert into invitation (id, event_id, guest_id, attendance) values (2, 2, 30, 'NOT_ATTENDING');
insert into invitation (id, event_id, guest_id, attendance) values (3, 7, 42, 'ATTENDING');
insert into invitation (id, event_id, guest_id, attendance) values (4, 2, 10, 'NO_RESPONSE');
insert into invitation (id, event_id, guest_id, attendance) values (5, 7, 22, 'NO_RESPONSE');
insert into invitation (id, event_id, guest_id, attendance) values (6, 10, 42, 'MAYBE');
insert into invitation (id, event_id, guest_id, attendance) values (7, 1, 8, 'NO_RESPONSE');
insert into invitation (id, event_id, guest_id, attendance) values (8, 5, 43, 'NO_RESPONSE');
insert into invitation (id, event_id, guest_id, attendance) values (9, 10, 10, 'NOT_ATTENDING');
insert into invitation (id, event_id, guest_id, attendance) values (10, 3, 22, 'NO_RESPONSE');